<?xml version="1.0" encoding="UTF-8"?>
<project-private xmlns="http://www.netbeans.org/ns/project-private/1">
    <editor-bookmarks xmlns="http://www.netbeans.org/ns/editor-bookmarks/2" lastBookmarkId="0"/>
    <open-files xmlns="http://www.netbeans.org/ns/projectui-open-files/2">
        <group>
            <file>file:/C:/Users/ASUS%20TUF%20GAMING%20A15/OneDrive/Documents/NetBeansProjects/App_Data_Karyawan/src/com/kruwell/program/Karyawan.java</file>
            <file>file:/C:/Users/ASUS%20TUF%20GAMING%20A15/OneDrive/Documents/NetBeansProjects/App_Data_Karyawan/src/com/kruwell/program/Konfig.java</file>
        </group>
    </open-files>
</project-private>
